# name = common name, fgl_name = 4FGL name, class = FSRQ or BLL (the group you compare)
# IMPORTANT: run `python verify_sources.py` first - it checks every 4FGL name against YOUR catalog file.
name,fgl_name,class,assoc
3C 454.3,4FGL J2253.9+1609,FSRQ,3C 454.3
3C 279,4FGL J1256.1-0547,FSRQ,3C 279
PKS 1510-089,4FGL J1512.8-0906,FSRQ,PKS 1510-089
CTA 102,4FGL J2232.5+1143,FSRQ,CTA 102
PKS 1424-418,4FGL J1427.9-4206,FSRQ,PKS 1424-418
3C 273,4FGL J1229.1+0202,FSRQ,3C 273
4C +21.35,4FGL J1224.9+2122,FSRQ,4C +21.35
PKS 0537-441,4FGL J0538.8-4405,FSRQ,PKS 0537-441
Mrk 421,4FGL J1104.4+3812,BLL,Mkn 421
Mrk 501,4FGL J1653.8+3945,BLL,Mkn 501
BL Lac,4FGL J2202.7+4217,BLL,BL Lac
PKS 2155-304,4FGL J2158.8-3013,BLL,PKS 2155-304
S5 0716+714,4FGL J0721.9+7120,BLL,S5 0716+714
PKS 0235+164,4FGL J0238.6+1637,BLL,PKS 0235+164
OJ 287,4FGL J0854.8+2006,BLL,OJ 287
PKS 0447-439,4FGL J0449.4-4350,BLL,PKS 0447-439
